model,R2,RMSE
FINAL_COMBINED_IN_SAMPLE,0.9882240510309553,0.1856918305700877
