model,R2,RMSE
GGPGAMSVC_FullData,0.9055591890291346,0.5258655176508711
