model,R2,RMSE
GWR_FullData,0.8298763779828738,0.7057926807728165
