model,R2,RMSE
GWRF_FullData,0.9569051005872944,0.3552284785573886
