model,R2,RMSE
FINAL_COMBINED_MODEL,0.9708201447104883,0.4214063468560358
