model,R2,RMSE
GGPGAMSVC_OOF,0.8695574686503654,0.6180227314118784
