model,R2,RMSE
GWR_OOF,0.8127935897863768,0.7403808852231352
