model,R2,RMSE
GWRF_OOF,0.11475306605606206,1.6100043732240181
