model,R2,RMSE
LGBM_ENSEMBLE_OOF,0.9393525612678074,0.4214063468560358
